{"AW": [12.5, -69.96666666], "AF": [33.0, 65.0], "AO": [-12.5, 18.5], "AI": [18.25, -63.16666666], "AX": [60.11666700000001, 19.9], "AL": [41.0, 20.0], "AD": [42.5, 1.5], "AE": [24.0, 54.0], "AR": [-34.0, -64.0], "AM": [40.0, 45.0], "AS": [-14.33333333, -170.0], "AQ": [-90.0, 0.0], "TF": [-49.25, 69.167], "AG": [17.05, -61.8], "AU": [-27.0, 133.0], "AT": [47.33333333, 13.33333333], "AZ": [40.5, 47.5], "BI": [-3.5, 30.0], "BE": [50.83333333, 4.0], "BJ": [9.5, 2.25], "BF": [13.0, -2.0], "BD": [24.0, 90.0], "BG": [43.0, 25.0], "BH": [26.0, 50.55], "BS": [24.25, -76.0], "BA": [44.0, 18.0], "BL": [18.5, -63.41666666], "BY": [53.0, 28.0], "BZ": [17.25, -88.75], "BM": [32.33333333, -64.75], "BO": [-17.0, -65.0], "BR": [-10.0, -55.0], "BB": [13.16666666, -59.53333333], "BN": [4.5, 114.66666666], "BT": [27.5, 90.5], "BV": [-54.43333333, 3.4], "BW": [-22.0, 24.0], "CF": [7.0, 21.0], "CA": [60.0, -95.0], "CC": [-12.5, 96.83333333], "CH": [47.0, 8.0], "CL": [-30.0, -71.0], "CN": [35.0, 105.0], "CI": [8.0, -5.0], "CM": [6.0, 12.0], "CD": [0.0, 25.0], "CG": [-1.0, 15.0], "CK": [-21.23333333, -159.76666666], "CO": [4.0, -72.0], "KM": [-12.16666666, 44.25], "CV": [16.0, -24.0], "CR": [10.0, -84.0], "CU": [21.5, -80.0], "CW": [12.116667, -68.93333299999999], "CX": [-10.5, 105.66666666], "KY": [19.5, -80.5], "CY": [35.0, 33.0], "CZ": [49.75, 15.5], "DE": [51.0, 9.0], "DJ": [11.5, 43.0], "DM": [15.41666666, -61.33333333], "DK": [56.0, 10.0], "DO": [19.0, -70.66666666], "DZ": [28.0, 3.0], "EC": [-2.0, -77.5], "EG": [27.0, 30.0], "ER": [15.0, 39.0], "EH": [24.5, -13.0], "ES": [40.0, -4.0], "EE": [59.0, 26.0], "ET": [8.0, 38.0], "FI": [64.0, 26.0], "FJ": [-18.0, 175.0], "FK": [-51.75, -59.0], "FR": [46.0, 2.0], "FO": [62.0, -7.0], "FM": [6.91666666, 158.25], "GA": [-1.0, 11.75], "GB": [54.0, -2.0], "GE": [42.0, 43.5], "GG": [49.46666666, -2.58333333], "GH": [8.0, -2.0], "GI": [36.13333333, -5.35], "GN": [11.0, -10.0], "GP": [16.25, -61.583332999999996], "GM": [13.46666666, -16.56666666], "GW": [12.0, -15.0], "GQ": [2.0, 10.0], "GR": [39.0, 22.0], "GD": [12.11666666, -61.66666666], "GL": [72.0, -40.0], "GT": [15.5, -90.25], "GF": [4.0, -53.0], "GU": [13.46666666, 144.78333333], "GY": [5.0, -59.0], "HK": [22.267, 114.18799999999999], "HN": [15.0, -86.5], "HR": [45.16666666, 15.5], "HT": [19.0, -72.41666666], "HU": [47.0, 20.0], "ID": [-5.0, 120.0], "IM": [54.25, -4.5], "IN": [20.0, 77.0], "IO": [-6.0, 71.5], "IE": [53.0, -8.0], "IR": [32.0, 53.0], "IQ": [33.0, 44.0], "IS": [65.0, -18.0], "IL": [31.47, 35.13], "IT": [42.83333333, 12.83333333], "JM": [18.25, -77.5], "JE": [49.25, -2.16666666], "JO": [31.0, 36.0], "JP": [36.0, 138.0], "KZ": [48.0, 68.0], "KE": [1.0, 38.0], "KG": [41.0, 75.0], "KH": [13.0, 105.0], "KI": [1.41666666, 173.0], "KN": [17.33333333, -62.75], "KR": [37.0, 127.5], "XK": [42.666667, 21.166667], "KW": [29.5, 45.75], "LA": [18.0, 105.0], "LB": [33.83333333, 35.83333333], "LR": [6.5, -9.5], "LY": [25.0, 17.0], "LC": [13.88333333, -60.96666666], "LI": [47.26666666, 9.53333333], "LK": [7.0, 81.0], "LS": [-29.5, 28.5], "LT": [56.0, 24.0], "LU": [49.75, 6.16666666], "LV": [57.0, 25.0], "MO": [22.16666666, 113.55], "MF": [18.08333333, -63.95], "MA": [32.0, -5.0], "MC": [43.73333333, 7.4], "MD": [47.0, 29.0], "MG": [-20.0, 47.0], "MV": [3.25, 73.0], "MX": [23.0, -102.0], "MH": [9.0, 168.0], "MK": [41.83333333, 22.0], "ML": [17.0, -4.0], "MT": [35.83333333, 14.58333333], "MM": [22.0, 98.0], "ME": [42.5, 19.3], "MN": [46.0, 105.0], "MP": [15.2, 145.75], "MZ": [-18.25, 35.0], "MR": [20.0, -12.0], "MS": [16.75, -62.2], "MQ": [14.666667000000002, -61.0], "MU": [-20.28333333, 57.55], "MW": [-13.5, 34.0], "MY": [2.5, 112.5], "YT": [-12.83333333, 45.16666666], "NaN": [-22.0, 17.0], "NC": [-21.5, 165.5], "NE": [16.0, 8.0], "NF": [-29.03333333, 167.95], "NG": [10.0, 8.0], "NI": [13.0, -85.0], "NU": [-19.03333333, -169.86666666], "NL": [52.5, 5.75], "NO": [62.0, 10.0], "NP": [28.0, 84.0], "NR": [-0.53333333, 166.91666666], "NZ": [-41.0, 174.0], "OM": [21.0, 57.0], "PK": [30.0, 70.0], "PA": [9.0, -80.0], "PN": [-25.06666666, -130.1], "PE": [-10.0, -76.0], "PH": [13.0, 122.0], "PW": [7.5, 134.5], "PG": [-6.0, 147.0], "PL": [52.0, 20.0], "PR": [18.25, -66.5], "KP": [40.0, 127.0], "PT": [39.5, -8.0], "PY": [-23.0, -58.0], "PS": [31.9, 35.2], "PF": [-15.0, -140.0], "QA": [25.5, 51.25], "RE": [-21.15, 55.5], "RO": [46.0, 25.0], "RU": [60.0, 100.0], "RW": [-2.0, 30.0], "SA": [25.0, 45.0], "SD": [15.0, 30.0], "SN": [14.0, -14.0], "SG": [1.36666666, 103.8], "GS": [-54.5, -37.0], "SJ": [78.0, 20.0], "SB": [-8.0, 159.0], "SL": [8.5, -11.5], "SV": [13.83333333, -88.91666666], "SM": [43.76666666, 12.41666666], "SO": [10.0, 49.0], "PM": [46.83333333, -56.33333333], "RS": [44.0, 21.0], "SS": [7.0, 30.0], "ST": [1.0, 7.0], "SR": [4.0, -56.0], "SK": [48.66666666, 19.5], "SI": [46.11666666, 14.81666666], "SE": [62.0, 15.0], "SZ": [-26.5, 31.5], "SX": [18.033333, -63.05], "SC": [-4.58333333, 55.66666666], "SY": [35.0, 38.0], "TC": [21.75, -71.58333333], "TD": [15.0, 19.0], "TG": [8.0, 1.16666666], "TH": [15.0, 100.0], "TJ": [39.0, 71.0], "TK": [-9.0, -172.0], "TM": [40.0, 60.0], "TL": [-8.83333333, 125.91666666], "TO": [-20.0, -175.0], "TT": [11.0, -61.0], "TN": [34.0, 9.0], "TR": [39.0, 35.0], "TV": [-8.0, 178.0], "TW": [23.5, 121.0], "TZ": [-6.0, 35.0], "UG": [1.0, 32.0], "UA": [49.0, 32.0], "UM": [19.2911437, 166.618332], "UY": [-33.0, -56.0], "US": [38.0, -97.0], "UZ": [41.0, 64.0], "VA": [41.9, 12.45], "VC": [13.25, -61.2], "VE": [8.0, -66.0], "VG": [18.431383, -64.62305], "VI": [18.35, -64.93333299999999], "VN": [16.16666666, 107.83333333], "VU": [-16.0, 167.0], "WF": [-13.3, -176.2], "WS": [-13.58333333, -172.33333333], "YE": [15.0, 48.0], "ZA": [-29.0, 24.0], "ZM": [-15.0, 30.0], "ZW": [-20.0, 30.0]}