{
  "AW": [
    0.14404761904761904,
    0.5379310344827586
  ],
  "AF": [
    0.6011904761904762,
    0.42758620689655175
  ],
  "AO": [
    0.444047619047619,
    0.6620689655172414
  ],
  "AI": [
    0.16666666666666666,
    0.5086206896551724
  ],
  "AX": [
    0.4488095238095238,
    0.2293103448275862
  ],
  "AL": [
    0.4488095238095238,
    0.3793103448275862
  ],
  "AD": [
    0.38571428571428573,
    0.3689655172413793
  ],
  "AE": [
    0.5642857142857143,
    0.4793103448275862
  ],
  "AR": [
    0.16428571428571428,
    0.7775862068965518
  ],
  "AM": [
    0.5333333333333333,
    0.38620689655172413
  ],
  "AS": [
    -0.19523809523809524,
    0.6706896551724137
  ],
  "AQ": [
    0.38095238095238093,
    1.4827586206896552
  ],
  "TF": [
    0.6154761904761905,
    0.8775862068965518
  ],
  "AG": [
    0.17142857142857143,
    0.5155172413793103
  ],
  "AU": [
    0.830952380952381,
    0.7379310344827587
  ],
  "AT": [
    0.4261904761904762,
    0.33620689655172414
  ],
  "AZ": [
    0.5416666666666666,
    0.38275862068965516
  ],
  "BI": [
    0.48214285714285715,
    0.6172413793103448
  ],
  "BE": [
    0.39404761904761904,
    0.3103448275862069
  ],
  "BJ": [
    0.3880952380952381,
    0.553448275862069
  ],
  "BF": [
    0.3738095238095238,
    0.5362068965517242
  ],
  "BD": [
    0.6857142857142857,
    0.4793103448275862
  ],
  "BG": [
    0.4654761904761905,
    0.36551724137931035
  ],
  "BH": [
    0.5523809523809524,
    0.4672413793103448
  ],
  "BS": [
    0.12380952380952381,
    0.47758620689655173
  ],
  "BA": [
    0.44166666666666665,
    0.3586206896551724
  ],
  "BL": [
    0.16666666666666666,
    0.506896551724138
  ],
  "BY": [
    0.47619047619047616,
    0.29310344827586204
  ],
  "BZ": [
    0.08095238095238096,
    0.5137931034482759
  ],
  "BM": [
    0.1619047619047619,
    0.43275862068965515
  ],
  "BO": [
    0.16071428571428573,
    0.6844827586206896
  ],
  "BR": [
    0.19523809523809524,
    0.65
  ],
  "BB": [
    0.17976190476190476,
    0.5344827586206896
  ],
  "BN": [
    0.7690476190476191,
    0.5775862068965517
  ],
  "BT": [
    0.6869047619047619,
    0.4603448275862069
  ],
  "BV": [
    0.39285714285714285,
    0.9189655172413793
  ],
  "BW": [
    0.46190476190476193,
    0.7103448275862069
  ],
  "CF": [
    0.4523809523809524,
    0.5655172413793104
  ],
  "CA": [
    0.05952380952380952,
    0.2293103448275862
  ],
  "CC": [
    0.7083333333333334,
    0.6620689655172414
  ],
  "CH": [
    0.4083333333333333,
    0.33793103448275863
  ],
  "CL": [
    0.14047619047619048,
    0.7551724137931034
  ],
  "CN": [
    0.736904761904762,
    0.41724137931034483
  ],
  "CI": [
    0.36428571428571427,
    0.5603448275862069
  ],
  "CM": [
    0.42142857142857143,
    0.5706896551724138
  ],
  "CD": [
    0.4654761904761905,
    0.6
  ],
  "CG": [
    0.43214285714285716,
    0.6051724137931035
  ],
  "CK": [
    -0.1595238095238095,
    0.7068965517241379
  ],
  "CO": [
    0.13690476190476192,
    0.5810344827586207
  ],
  "KM": [
    0.530952380952381,
    0.6603448275862069
  ],
  "CV": [
    0.3,
    0.5206896551724138
  ],
  "CR": [
    0.09642857142857143,
    0.55
  ],
  "CU": [
    0.10952380952380952,
    0.49137931034482757
  ],
  "CW": [
    0.14761904761904762,
    0.5396551724137931
  ],
  "CX": [
    0.7392857142857143,
    0.6517241379310345
  ],
  "KY": [
    0.10833333333333334,
    0.5017241379310344
  ],
  "CY": [
    0.4928571428571429,
    0.41724137931034483
  ],
  "CZ": [
    0.43333333333333335,
    0.31724137931034485
  ],
  "DE": [
    0.4119047619047619,
    0.3086206896551724
  ],
  "DJ": [
    0.5261904761904762,
    0.5431034482758621
  ],
  "DM": [
    0.1738095238095238,
    0.5241379310344828
  ],
  "DK": [
    0.4142857142857143,
    0.2672413793103448
  ],
  "DO": [
    0.14166666666666666,
    0.5051724137931034
  ],
  "DZ": [
    0.39166666666666666,
    0.45689655172413796
  ],
  "EC": [
    0.11904761904761904,
    0.6103448275862069
  ],
  "EG": [
    0.48214285714285715,
    0.46206896551724136
  ],
  "ER": [
    0.513095238095238,
    0.5258620689655172
  ],
  "EH": [
    0.33690476190476193,
    0.47586206896551725
  ],
  "ES": [
    0.3678571428571429,
    0.38620689655172413
  ],
  "EE": [
    0.46904761904761905,
    0.2396551724137931
  ],
  "ET": [
    0.5095238095238095,
    0.5603448275862069
  ],
  "FI": [
    0.46904761904761905,
    0.1879310344827586
  ],
  "FJ": [
    0.9738095238095238,
    0.6896551724137931
  ],
  "FK": [
    0.18095238095238095,
    0.8982758620689655
  ],
  "FR": [
    0.3880952380952381,
    0.3448275862068966
  ],
  "FO": [
    0.35714285714285715,
    0.2103448275862069
  ],
  "FM": [
    0.9166666666666666,
    0.5655172413793104
  ],
  "GA": [
    0.42023809523809524,
    0.6051724137931035
  ],
  "GB": [
    0.3738095238095238,
    0.28448275862068967
  ],
  "GE": [
    0.5285714285714286,
    0.3724137931034483
  ],
  "GG": [
    0.3726190476190476,
    0.32068965517241377
  ],
  "GH": [
    0.3738095238095238,
    0.5603448275862069
  ],
  "GI": [
    0.3630952380952381,
    0.4103448275862069
  ],
  "GN": [
    0.3476190476190476,
    0.5465517241379311
  ],
  "GP": [
    0.17261904761904762,
    0.5189655172413793
  ],
  "GM": [
    0.325,
    0.5327586206896552
  ],
  "GW": [
    0.32976190476190476,
    0.5413793103448276
  ],
  "GQ": [
    0.4142857142857143,
    0.5896551724137931
  ],
  "GR": [
    0.45595238095238094,
    0.3913793103448276
  ],
  "GD": [
    0.17261904761904762,
    0.5396551724137931
  ],
  "GL": [
    0.24523809523809523,
    0.08275862068965517
  ],
  "GT": [
    0.075,
    0.5224137931034483
  ],
  "GF": [
    0.2011904761904762,
    0.5810344827586207
  ],
  "GU": [
    0.8714285714285714,
    0.5327586206896552
  ],
  "GY": [
    0.18095238095238095,
    0.5758620689655173
  ],
  "HK": [
    0.7678571428571429,
    0.4879310344827586
  ],
  "HN": [
    0.0880952380952381,
    0.5258620689655172
  ],
  "HR": [
    0.43333333333333335,
    0.35172413793103446
  ],
  "HT": [
    0.1357142857142857,
    0.5051724137931034
  ],
  "HU": [
    0.4488095238095238,
    0.33793103448275863
  ],
  "ID": [
    0.7869047619047619,
    0.6241379310344828
  ],
  "IM": [
    0.36547619047619045,
    0.2827586206896552
  ],
  "IN": [
    0.6416666666666667,
    0.5
  ],
  "IO": [
    0.6226190476190476,
    0.6293103448275862
  ],
  "IE": [
    0.3535714285714286,
    0.29310344827586204
  ],
  "IR": [
    0.5607142857142857,
    0.43448275862068964
  ],
  "IQ": [
    0.5297619047619048,
    0.42758620689655175
  ],
  "IS": [
    0.3202380952380952,
    0.17586206896551723
  ],
  "IL": [
    0.5,
    0.4379310344827586
  ],
  "IT": [
    0.425,
    0.36724137931034484
  ],
  "JM": [
    0.11904761904761904,
    0.5086206896551724
  ],
  "JE": [
    0.3738095238095238,
    0.32241379310344825
  ],
  "JO": [
    0.5023809523809524,
    0.4396551724137931
  ],
  "JP": [
    0.8488095238095238,
    0.4103448275862069
  ],
  "KZ": [
    0.6107142857142858,
    0.3310344827586207
  ],
  "KE": [
    0.5095238095238095,
    0.5948275862068966
  ],
  "KG": [
    0.6345238095238095,
    0.3793103448275862
  ],
  "KH": [
    0.736904761904762,
    0.5362068965517242
  ],
  "KI": [
    0.9666666666666667,
    0.593103448275862
  ],
  "KN": [
    0.16904761904761906,
    0.5137931034482759
  ],
  "KR": [
    0.8130952380952381,
    0.4051724137931034
  ],
  "XK": [
    0.4523809523809524,
    0.3689655172413793
  ],
  "KW": [
    0.5357142857142857,
    0.4482758620689655
  ],
  "LA": [
    0.736904761904762,
    0.5103448275862069
  ],
  "LB": [
    0.5023809523809524,
    0.4241379310344828
  ],
  "LR": [
    0.3488095238095238,
    0.5672413793103448
  ],
  "LY": [
    0.4380952380952381,
    0.47413793103448276
  ],
  "LC": [
    0.175,
    0.5310344827586206
  ],
  "LI": [
    0.41309523809523807,
    0.33620689655172414
  ],
  "LK": [
    0.6547619047619048,
    0.5655172413793104
  ],